27 compart: M/E L.O.STOR.TK.,,,,,,,,,,,,,,,,,,,
Compartment ident:     R5.01,,,,,,,,,,,,,,,,,,,
"Contents         :      Lubricating Oil (LO, RHO = 0.9)",,,,,,,,,,,,,,,,,,,
Extreme points of comp: Aft end x = 7.96 m    (at frame 10),,,,,,,,,,,,,,,,,,,
Fore end x = 11.16 m    (at frame 14),,,,,,,,,,,,,,,,,,,
Sounding device:       Manual sounding,,,,,,,,,,,,,,,,,,,
x =   8.62 m (at frame 11) y =   3.12 m,,,,,,,,,,,,,,,,,,,
,,,,,,,,,,,,,,,,,,,
M/E L.O.STOR.TK. - Volume in m3,,,,,,,,,,,,,,,,,,,
Depth,-1,0,0.5,1,1.5,2,3,4,,Depth,-4,-3,-2,-1,0,1,2,3,4
0,0.21,0.212,0.213,0.213,0.214,0.215,0.216,0.218,,0,28.267,18.992,10.793,5.158,0,0,0,0,0.893
50,0.482,0.483,0.484,0.485,0.485,0.486,0.488,0.489,,100,20.664,15.487,10.319,5.157,0,-5.159,-10.32,-15.487,-20.657
100,0.753,0.755,0.756,0.756,0.757,0.758,0.759,0.761,,200,20.664,15.487,10.319,5.158,0,-5.159,-10.319,-15.487,-20.664
150,1.025,1.026,1.027,1.028,1.028,1.029,1.031,1.032,,300,20.664,15.486,10.319,5.159,0,-5.158,-10.32,-15.487,-20.664
200,1.296,1.298,1.299,1.299,1.3,1.301,1.302,1.304,,400,20.664,15.487,10.319,5.159,0,-5.158,-10.32,-15.486,-20.664
250,1.568,1.569,1.57,1.571,1.571,1.572,1.574,1.575,,500,20.664,15.487,10.319,5.159,0,-5.158,-10.32,-15.487,-20.664
300,1.839,1.841,1.842,1.842,1.843,1.844,1.845,1.847,,600,20.664,15.486,10.319,5.159,0,-5.158,-10.32,-15.487,-20.664
350,2.111,2.112,2.113,2.114,2.114,2.115,2.117,2.118,,700,20.664,15.487,10.319,5.159,0,-5.158,-10.319,-15.486,-20.663
400,2.382,2.384,2.385,2.385,2.386,2.387,2.388,2.39,,800,20.664,15.487,10.319,5.159,0,-5.158,-10.32,-15.486,-20.664
450,2.654,2.655,2.656,2.657,2.657,2.658,2.66,2.661,,900,20.664,15.486,10.319,5.159,0,-5.158,-10.318,-15.486,-20.662
500,2.925,2.927,2.928,2.928,2.929,2.93,2.931,2.933,,1000,20.665,15.487,10.319,5.159,0,-5.158,-10.318,-15.486,-20.664
550,3.197,3.198,3.199,3.2,3.201,3.201,3.203,3.204,,1100,20.664,15.487,10.319,5.159,0,-5.157,-10.317,-15.486,-20.663
600,3.468,3.47,3.471,3.471,3.472,3.473,3.474,3.476,,1200,20.663,15.488,10.32,5.158,0,-5.158,-10.319,-15.486,-20.664
650,3.74,3.741,3.742,3.743,3.744,3.744,3.746,3.747,,1300,20.665,15.487,10.32,5.156,0,-5.157,-10.319,-15.486,-20.664
700,4.011,4.013,4.014,4.014,4.015,4.016,4.017,4.019,,1400,20.664,15.487,10.32,5.156,0,-5.157,-10.319,-15.486,-20.663
750,4.283,4.284,4.285,4.286,4.287,4.287,4.289,4.29,,1500,20.663,15.486,10.319,5.156,0,-5.158,-10.319,-15.486,-20.664
800,4.554,4.556,4.557,4.557,4.558,4.559,4.56,4.562,,1600,20.663,15.486,10.319,5.156,0,-5.157,-10.319,-15.486,-20.665
850,4.826,4.827,4.828,4.829,4.83,4.83,4.832,4.833,,1700,20.663,15.486,10.319,5.156,0,-5.157,-10.319,-15.488,-20.664
900,5.097,5.099,5.1,5.1,5.101,5.102,5.103,5.105,,1800,20.664,15.486,10.32,5.156,0,-5.157,-10.319,-15.488,-20.663
950,5.369,5.37,5.371,5.372,5.373,5.373,5.375,5.376,,1900,20.664,15.488,10.32,5.158,0,-5.156,-10.319,-15.486,-20.664
1000,5.64,5.642,5.643,5.643,5.644,5.645,5.646,5.648,,2000,20.664,15.488,10.319,5.158,0,-5.156,-10.32,-15.486,-20.664
1050,5.912,5.913,5.914,5.915,5.916,5.916,5.918,5.919,,2100,20.663,15.486,10.319,5.157,0,-5.156,-10.32,-15.486,-20.664
1100,6.183,6.185,6.186,6.186,6.187,6.188,6.189,6.191,,2200,20.664,15.486,10.319,5.158,0,-5.155,-10.319,-15.485,-20.663
1150,6.455,6.456,6.457,6.458,6.459,6.459,6.461,6.462,,2300,20.664,15.486,10.319,5.157,0,-5.156,-10.32,-15.488,-20.666
1200,6.726,6.728,6.729,6.729,6.73,6.731,6.732,6.734,,2400,20.663,15.486,10.319,5.157,0,-5.156,-10.319,-15.488,-20.664
1250,6.998,6.999,7,7.001,7.002,7.002,7.004,7.005,,2500,20.663,15.486,10.319,5.157,0,-5.156,-10.319,-15.488,-20.664
1300,7.269,7.271,7.272,7.272,7.273,7.274,7.275,7.277,,2600,20.663,15.488,10.319,5.158,0,-5.156,-10.319,-15.486,-20.664
1350,7.541,7.542,7.543,7.544,7.545,7.545,7.547,7.548,,2700,20.664,15.488,10.32,5.158,0,-5.157,-10.317,-15.486,-20.663
1400,7.812,7.814,7.815,7.815,7.816,7.817,7.818,7.82,,2800,20.664,15.486,10.32,5.158,0,-5.157,-10.319,-15.486,-20.663
1450,8.084,8.085,8.086,8.087,8.088,8.088,8.09,8.091,,2900,20.663,15.486,10.319,5.158,0,-5.157,-10.319,-15.486,-20.663
1500,8.355,8.357,8.358,8.358,8.359,8.36,8.361,8.363,,3000,20.666,15.486,10.32,5.157,0,-5.157,-10.319,-15.488,-20.664
1550,8.627,8.628,8.629,8.63,8.631,8.631,8.633,8.634,,3100,20.664,15.486,10.319,5.158,0,-5.157,-10.32,-15.488,-20.663
1600,8.898,8.9,8.901,8.901,8.902,8.903,8.904,8.906,,3200,20.664,15.486,10.319,5.158,0,-5.157,-10.32,-15.487,-20.664
1650,9.17,9.171,9.172,9.173,9.174,9.174,9.176,9.177,,3300,20.663,15.488,10.32,5.158,0,-5.158,-10.319,-15.486,-20.663
1700,9.441,9.443,9.444,9.444,9.445,9.446,9.447,9.449,,3400,20.663,15.488,10.319,5.158,0,-5.157,-10.319,-15.486,-20.663
1750,9.713,9.714,9.715,9.716,9.717,9.717,9.719,9.72,,3500,20.663,15.486,10.319,5.157,0,-5.158,-10.319,-15.486,-20.663
1800,9.984,9.986,9.987,9.987,9.988,9.989,9.99,9.992,,3600,20.664,15.486,10.319,5.158,0,-5.157,-10.319,-15.486,-20.663
1850,10.256,10.257,10.258,10.259,10.26,10.26,10.262,10.263,,3700,20.663,15.486,10.319,5.158,0,-5.157,-10.319,-15.487,-20.664
1900,10.527,10.529,10.53,10.53,10.531,10.532,10.533,10.535,,3800,20.663,15.486,10.32,5.157,0,-5.158,-10.319,-15.488,-20.664
1950,10.799,10.8,10.801,10.802,10.803,10.803,10.805,10.806,,3900,20.663,15.488,10.32,5.157,0,-5.157,-10.319,-15.486,-20.663
2000,11.07,11.072,11.073,11.073,11.074,11.075,11.076,11.078,,4000,20.663,15.488,10.319,5.158,0,-5.158,-10.319,-15.486,-20.664
2050,11.342,11.343,11.344,11.345,11.346,11.346,11.348,11.349,,4100,20.664,15.489,10.32,5.158,0,-5.157,-10.319,-15.485,-20.664
2100,11.613,11.615,11.616,11.616,11.617,11.618,11.619,11.621,,4200,20.664,15.486,10.319,5.157,0,-5.157,-10.319,-15.486,-20.664
2150,11.885,11.886,11.887,11.888,11.889,11.889,11.891,11.892,,4300,20.665,15.487,10.32,5.158,0,-5.157,-10.317,-15.485,-20.663
2200,12.156,12.158,12.159,12.159,12.16,12.161,12.162,12.164,,4400,12.166,16.373,16.327,8.456,0,-5.157,-10.32,-15.996,-23.739
2250,12.428,12.429,12.43,12.431,12.432,12.432,12.434,12.435,,4500,-12.465,-5.746,-0.777,0,0,0,-6.694,-20.135,-35.34
2300,12.699,12.701,12.702,12.702,12.703,12.704,12.705,12.707,,5016,0,0,0,0,0,0,0,0,0
2350,12.971,12.972,12.973,12.974,12.975,12.975,12.977,12.978,,,,,,,,,,,
2400,13.242,13.244,13.245,13.245,13.246,13.247,13.248,13.25,,,,,,,,,,,
2450,13.514,13.515,13.516,13.517,13.518,13.518,13.52,13.521,,,,,,,,,,,
2500,13.785,13.787,13.788,13.788,13.789,13.79,13.791,13.793,,,,,,,,,,,
2550,14.057,14.058,14.059,14.06,14.061,14.061,14.063,14.064,,,,,,,,,,,
2600,14.328,14.33,14.331,14.331,14.332,14.333,14.334,14.336,,,,,,,,,,,
2650,14.6,14.601,14.602,14.603,14.604,14.604,14.606,14.607,,,,,,,,,,,
2700,14.871,14.873,14.874,14.874,14.875,14.876,14.877,14.879,,,,,,,,,,,
2750,15.143,15.144,15.145,15.146,15.147,15.147,15.149,15.15,,,,,,,,,,,
2800,15.414,15.416,15.417,15.417,15.418,15.419,15.42,15.422,,,,,,,,,,,
2850,15.686,15.687,15.688,15.689,15.69,15.69,15.692,15.693,,,,,,,,,,,
2900,15.957,15.959,15.96,15.96,15.961,15.962,15.963,15.965,,,,,,,,,,,
2950,16.229,16.23,16.231,16.232,16.233,16.233,16.235,16.236,,,,,,,,,,,
3000,16.5,16.502,16.503,16.503,16.504,16.505,16.506,16.508,,,,,,,,,,,
3050,16.772,16.773,16.774,16.775,16.776,16.776,16.778,16.779,,,,,,,,,,,
3100,17.043,17.045,17.046,17.046,17.047,17.048,17.049,17.051,,,,,,,,,,,
3150,17.315,17.316,17.317,17.318,17.319,17.319,17.321,17.322,,,,,,,,,,,
3200,17.586,17.588,17.589,17.589,17.59,17.591,17.592,17.594,,,,,,,,,,,
3250,17.858,17.859,17.86,17.861,17.862,17.862,17.864,17.865,,,,,,,,,,,
3300,18.129,18.131,18.132,18.132,18.133,18.134,18.135,18.137,,,,,,,,,,,
3350,18.401,18.402,18.403,18.404,18.405,18.405,18.407,18.408,,,,,,,,,,,
3400,18.672,18.674,18.675,18.675,18.676,18.677,18.678,18.68,,,,,,,,,,,
3450,18.944,18.945,18.946,18.947,18.948,18.948,18.95,18.951,,,,,,,,,,,
3500,19.215,19.217,19.218,19.218,19.219,19.22,19.221,19.223,,,,,,,,,,,
3550,19.487,19.488,19.489,19.49,19.491,19.491,19.493,19.494,,,,,,,,,,,
3600,19.758,19.76,19.761,19.761,19.762,19.763,19.764,19.766,,,,,,,,,,,
3650,20.03,20.031,20.032,20.033,20.034,20.034,20.036,20.037,,,,,,,,,,,
3700,20.301,20.303,20.304,20.304,20.305,20.306,20.307,20.309,,,,,,,,,,,
3750,20.573,20.574,20.575,20.576,20.577,20.577,20.579,20.58,,,,,,,,,,,
3800,20.844,20.846,20.847,20.847,20.848,20.849,20.85,20.852,,,,,,,,,,,
3850,21.116,21.117,21.118,21.119,21.12,21.12,21.122,21.123,,,,,,,,,,,
3900,21.388,21.389,21.39,21.39,21.391,21.392,21.393,21.395,,,,,,,,,,,
3950,21.659,21.66,21.661,21.662,21.663,21.663,21.665,21.666,,,,,,,,,,,
4000,21.93,21.932,21.933,21.933,21.934,21.935,21.936,21.938,,,,,,,,,,,
4050,22.202,22.203,22.204,22.205,22.206,22.206,22.208,22.209,,,,,,,,,,,
4100,22.474,22.475,22.476,22.476,22.477,22.478,22.479,22.481,,,,,,,,,,,
4150,22.745,22.746,22.747,22.748,22.749,22.749,22.751,22.752,,,,,,,,,,,
4200,23.016,23.018,23.019,23.019,23.02,23.021,23.022,23.024,,,,,,,,,,,
4250,23.288,23.289,23.29,23.291,23.292,23.292,23.294,23.295,,,,,,,,,,,
4300,23.56,23.561,23.562,23.562,23.563,23.564,23.565,23.567,,,,,,,,,,,
4350,23.831,23.832,23.833,23.834,23.835,23.835,23.837,23.838,,,,,,,,,,,
4400,24.103,24.104,24.105,24.105,24.106,24.107,24.108,24.11,,,,,,,,,,,
4450,24.374,24.375,24.376,24.377,24.378,24.378,24.378,24.38,,,,,,,,,,,
4500,24.435,24.435,24.435,24.435,24.435,24.435,24.435,24.435,,,,,,,,,,,
5016,24.435,24.435,24.435,24.435,24.435,24.435,24.435,24.435,,,,,,,,,,,
,,,,,,,,,,,,,,,,,,,
Compartment ident:     R5.02,,,,,,,,,,,,,,,,,,,
"Contents         :      Lubricating Oil (LO, RHO = 0.9)",,,,,,,,,,,,,,,,,,,
Extreme points of comp: Aft end x = 7.96 m    (at frame 10),,,,,,,,,,,,,,,,,,,
Fore end x = 11.16 m    (at frame 14),,,,,,,,,,,,,,,,,,,
Sounding device:       Manual sounding,,,,,,,,,,,,,,,,,,,
x =   9.40 m (at frame 12) y =  -1.80 m,,,,,,,,,,,,,,,,,,,
,,,,,,,,,,,,,,,,,,,
G/E L.O.STOR.TK. ,,,,,,,,,,,,,,,,,,,
Depth,-1,0,0.5,1,1.5,2,3,4,,Depth,-4,-3,-2,-1,0,1,2,3,4
0,0.063,0.063,0.063,0.063,0.064,0.064,0.064,0.064,,0,35.522,26.623,17.74,8.867,0,0,0,0,0
50,0.151,0.151,0.151,0.151,0.151,0.152,0.152,0.152,,100,35.522,26.623,17.74,8.867,0,-8.867,-17.74,-26.624,-35.522
100,0.239,0.239,0.239,0.239,0.239,0.239,0.24,0.24,,200,35.523,26.623,17.739,8.867,0,-8.867,-17.74,-26.624,-35.522
150,0.327,0.327,0.327,0.327,0.327,0.327,0.328,0.328,,300,35.523,26.624,17.74,8.867,0,-8.867,-17.74,-26.623,-35.522
200,0.415,0.415,0.415,0.415,0.415,0.415,0.415,0.416,,400,35.522,26.623,17.739,8.867,0,-8.867,-17.74,-26.623,-35.522
250,0.503,0.503,0.503,0.503,0.503,0.503,0.503,0.504,,500,35.522,26.623,17.74,8.867,0,-8.867,-17.74,-26.624,-35.523
300,0.591,0.591,0.591,0.591,0.591,0.591,0.591,0.592,,600,35.522,26.624,17.74,8.867,0,-8.867,-17.741,-26.623,-35.523
350,0.679,0.679,0.679,0.679,0.679,0.679,0.679,0.679,,700,35.522,26.623,17.74,8.867,0,-8.867,-17.741,-26.623,-35.523
400,0.767,0.767,0.767,0.767,0.767,0.767,0.767,0.767,,800,35.522,26.623,17.74,8.867,0,-8.867,-17.739,-26.623,-35.523
450,0.855,0.855,0.855,0.855,0.855,0.855,0.855,0.855,,900,35.523,26.624,17.74,8.867,0,-8.867,-17.738,-26.622,-35.522
500,0.942,0.943,0.943,0.943,0.943,0.943,0.943,0.943,,1000,35.522,26.624,17.739,8.867,0,-8.869,-17.74,-26.623,-35.523
550,1.03,1.031,1.031,1.031,1.031,1.031,1.031,1.031,,1100,35.522,26.623,17.739,8.867,0,-8.869,-17.742,-26.623,-35.523
600,1.118,1.118,1.119,1.119,1.119,1.119,1.119,1.119,,1200,35.522,26.624,17.74,8.868,0,-8.867,-17.74,-26.623,-35.523
650,1.206,1.206,1.206,1.207,1.207,1.207,1.207,1.207,,1300,35.522,26.624,17.741,8.867,0,-8.867,-17.74,-26.623,-35.525
700,1.294,1.294,1.294,1.294,1.295,1.295,1.295,1.295,,1400,35.523,26.623,17.739,8.867,0,-8.867,-17.74,-26.623,-35.524
750,1.382,1.382,1.382,1.382,1.383,1.383,1.383,1.383,,1500,35.522,26.623,17.74,8.867,0,-8.867,-17.739,-26.623,-35.523
800,1.47,1.47,1.47,1.47,1.47,1.471,1.471,1.471,,1600,35.523,26.623,17.74,8.867,0,-8.867,-17.74,-26.623,-35.523
850,1.558,1.558,1.558,1.558,1.558,1.558,1.559,1.559,,1700,35.523,26.623,17.739,8.867,0,-8.867,-17.74,-26.625,-35.524
900,1.646,1.646,1.646,1.646,1.646,1.646,1.647,1.647,,1800,35.523,26.625,17.739,8.867,0,-8.867,-17.74,-26.623,-35.523
950,1.734,1.734,1.734,1.734,1.734,1.734,1.734,1.735,,1900,35.524,26.623,17.74,8.867,0,-8.867,-17.739,-26.623,-35.523
1000,1.822,1.822,1.822,1.822,1.822,1.822,1.822,1.823,,2000,35.522,26.622,17.739,8.867,0,-8.867,-17.74,-26.623,-35.526
1050,1.91,1.91,1.91,1.91,1.91,1.91,1.91,1.91,,2100,35.524,26.623,17.74,8.868,0,-8.867,-17.739,-26.622,-35.522
1100,1.998,1.998,1.998,1.998,1.998,1.998,1.998,1.998,,2200,35.523,26.623,17.74,8.867,0,-8.868,-17.74,-26.623,-35.524
1150,2.086,2.086,2.086,2.086,2.086,2.086,2.086,2.086,,2300,35.523,26.623,17.74,8.867,0,-8.867,-17.739,-26.625,-35.523
1200,2.173,2.174,2.174,2.174,2.174,2.174,2.174,2.174,,2400,35.523,26.623,17.74,8.867,0,-8.867,-17.74,-26.625,-35.523
1250,2.261,2.262,2.262,2.262,2.262,2.262,2.262,2.262,,2500,35.523,26.625,17.739,8.867,0,-8.867,-17.74,-26.623,-35.523
1300,2.349,2.35,2.35,2.35,2.35,2.35,2.35,2.35,,2600,35.523,26.623,17.74,8.867,0,-8.867,-17.741,-26.623,-35.523
1350,2.437,2.437,2.438,2.438,2.438,2.438,2.438,2.438,,2700,35.523,26.623,17.74,8.867,0,-8.868,-17.742,-26.623,-35.526
1400,2.525,2.525,2.525,2.526,2.526,2.526,2.526,2.526,,2800,35.523,26.623,17.742,8.867,0,-8.867,-17.739,-26.622,-35.523
1450,2.613,2.613,2.613,2.613,2.614,2.614,2.614,2.614,,2900,35.523,26.623,17.74,8.867,0,-8.867,-17.739,-26.623,-35.523
1500,2.701,2.701,2.701,2.701,2.701,2.702,2.702,2.702,,3000,35.523,26.623,17.74,8.867,0,-8.868,-17.74,-26.625,-35.523
1550,2.789,2.789,2.789,2.789,2.789,2.789,2.79,2.79,,3100,35.524,26.623,17.74,8.867,0,-8.867,-17.739,-26.625,-35.523
1600,2.877,2.877,2.877,2.877,2.877,2.877,2.878,2.878,,3200,35.523,26.625,17.74,8.867,0,-8.867,-17.739,-26.623,-35.524
1650,2.965,2.965,2.965,2.965,2.965,2.965,2.965,2.966,,3300,35.523,26.623,17.74,8.867,0,-8.867,-17.739,-26.622,-35.523
1700,3.053,3.053,3.053,3.053,3.053,3.053,3.053,3.054,,3400,35.523,26.623,17.74,8.867,0,-8.867,-17.74,-26.623,-35.525
1750,3.141,3.141,3.141,3.141,3.141,3.141,3.141,3.142,,3500,35.523,26.623,17.739,8.867,0,-8.868,-17.74,-26.623,-35.523
1800,3.229,3.229,3.229,3.229,3.229,3.229,3.229,3.229,,3600,35.524,26.623,17.74,8.867,0,-8.867,-17.74,-26.623,-35.523
1850,3.317,3.317,3.317,3.317,3.317,3.317,3.317,3.317,,3700,35.522,26.623,17.739,8.867,0,-8.868,-17.739,-26.625,-35.523
1900,3.405,3.405,3.405,3.405,3.405,3.405,3.405,3.405,,3800,35.524,26.626,17.74,8.867,0,-8.866,-17.739,-26.622,-35.522
1950,3.492,3.493,3.493,3.493,3.493,3.493,3.493,3.493,,3900,35.523,26.624,17.74,8.867,0,-8.867,-17.74,-26.623,-35.524
2000,3.58,3.581,3.581,3.581,3.581,3.581,3.581,3.581,,4000,35.524,26.624,17.74,8.868,0,-8.867,-17.739,-26.623,-35.523
2050,3.668,3.668,3.669,3.669,3.669,3.669,3.669,3.669,,4100,35.525,26.623,17.739,8.867,0,-8.867,-17.739,-26.623,-35.524
2100,3.756,3.756,3.756,3.757,3.757,3.757,3.757,3.757,,4200,35.523,26.624,17.74,8.867,0,-8.867,-17.741,-26.623,-35.523
2150,3.844,3.844,3.844,3.844,3.845,3.845,3.845,3.845,,4300,35.523,26.623,17.74,8.867,0,-8.867,-17.742,-26.623,-35.523
2200,3.932,3.932,3.932,3.932,3.933,3.933,3.933,3.933,,4400,0,0,0,0,0,0,0,0,0
2250,4.02,4.02,4.02,4.02,4.02,4.021,4.021,4.021,,4500,0,0,0,0,0,0,0,0,0
2300,4.108,4.108,4.108,4.108,4.108,4.108,4.109,4.109,,5044,0,0,0,0,0,0,0,0,0
2350,4.196,4.196,4.196,4.196,4.196,4.196,4.197,4.197,,,,,,,,,,,
2400,4.284,4.284,4.284,4.284,4.284,4.284,4.284,4.285,,,,,,,,,,,
2450,4.372,4.372,4.372,4.372,4.372,4.372,4.372,4.373,,,,,,,,,,,
2500,4.46,4.46,4.46,4.46,4.46,4.46,4.46,4.46,,,,,,,,,,,
2550,4.548,4.548,4.548,4.548,4.548,4.548,4.548,4.548,,,,,,,,,,,
2600,4.636,4.636,4.636,4.636,4.636,4.636,4.636,4.636,,,,,,,,,,,
2650,4.723,4.724,4.724,4.724,4.724,4.724,4.724,4.724,,,,,,,,,,,
2700,4.811,4.812,4.812,4.812,4.812,4.812,4.812,4.812,,,,,,,,,,,
2750,4.899,4.9,4.9,4.9,4.9,4.9,4.9,4.9,,,,,,,,,,,
2800,4.987,4.987,4.988,4.988,4.988,4.988,4.988,4.988,,,,,,,,,,,
2850,5.075,5.075,5.075,5.076,5.076,5.076,5.076,5.076,,,,,,,,,,,
2900,5.163,5.163,5.163,5.163,5.164,5.164,5.164,5.164,,,,,,,,,,,
2950,5.251,5.251,5.251,5.251,5.251,5.252,5.252,5.252,,,,,,,,,,,
3000,5.339,5.339,5.339,5.339,5.339,5.339,5.34,5.34,,,,,,,,,,,
3050,5.427,5.427,5.427,5.427,5.427,5.427,5.428,5.428,,,,,,,,,,,
3100,5.515,5.515,5.515,5.515,5.515,5.515,5.515,5.516,,,,,,,,,,,
3150,5.603,5.603,5.603,5.603,5.603,5.603,5.603,5.604,,,,,,,,,,,
3200,5.691,5.691,5.691,5.691,5.691,5.691,5.691,5.692,,,,,,,,,,,
3250,5.779,5.779,5.779,5.779,5.779,5.779,5.779,5.779,,,,,,,,,,,
3300,5.867,5.867,5.867,5.867,5.867,5.867,5.867,5.867,,,,,,,,,,,
3350,5.955,5.955,5.955,5.955,5.955,5.955,5.955,5.955,,,,,,,,,,,
3400,6.042,6.043,6.043,6.043,6.043,6.043,6.043,6.043,,,,,,,,,,,
3450,6.13,6.131,6.131,6.131,6.131,6.131,6.131,6.131,,,,,,,,,,,
3500,6.218,6.218,6.219,6.219,6.219,6.219,6.219,6.219,,,,,,,,,,,
3550,6.306,6.306,6.306,6.307,6.307,6.307,6.307,6.307,,,,,,,,,,,
3600,6.394,6.394,6.394,6.394,6.395,6.395,6.395,6.395,,,,,,,,,,,
3650,6.482,6.482,6.482,6.482,6.482,6.483,6.483,6.483,,,,,,,,,,,
3700,6.57,6.57,6.57,6.57,6.57,6.57,6.571,6.571,,,,,,,,,,,
3750,6.658,6.658,6.658,6.658,6.658,6.658,6.659,6.659,,,,,,,,,,,
3800,6.746,6.746,6.746,6.746,6.746,6.746,6.747,6.747,,,,,,,,,,,
3850,6.834,6.834,6.834,6.834,6.834,6.834,6.834,6.835,,,,,,,,,,,
3900,6.922,6.922,6.922,6.922,6.922,6.922,6.922,6.923,,,,,,,,,,,
3950,7.01,7.01,7.01,7.01,7.01,7.01,7.01,7.01,,,,,,,,,,,
4000,7.098,7.098,7.098,7.098,7.098,7.098,7.098,7.098,,,,,,,,,,,
4050,7.186,7.186,7.186,7.186,7.186,7.186,7.186,7.186,,,,,,,,,,,
4100,7.273,7.274,7.274,7.274,7.274,7.274,7.274,7.274,,,,,,,,,,,
4150,7.361,7.362,7.362,7.362,7.362,7.362,7.362,7.362,,,,,,,,,,,
4200,7.449,7.449,7.45,7.45,7.45,7.45,7.45,7.45,,,,,,,,,,,
4250,7.537,7.537,7.538,7.538,7.538,7.538,7.538,7.538,,,,,,,,,,,
4300,7.625,7.625,7.625,7.626,7.626,7.626,7.626,7.626,,,,,,,,,,,
4350,7.713,7.713,7.713,7.713,7.714,7.714,7.714,7.714,,,,,,,,,,,
4400,7.801,7.801,7.801,7.801,7.801,7.802,7.802,7.802,,,,,,,,,,,
4450,7.889,7.889,7.889,7.889,7.889,7.889,7.89,7.89,,,,,,,,,,,
4500,7.914,7.914,7.914,7.914,7.914,7.914,7.914,7.914,,,,,,,,,,,
5044,7.914,7.914,7.914,7.914,7.914,7.914,7.914,7.914,,,,,,,,,,,
,,,,,,,,,,,,,,,,,,,
Compartment ident:     R5.03,,,,,,,,,,,,,,,,,,,
"Contents         :      Lubricating Oil (LO, RHO = 0.9)",,,,,,,,,,,,,,,,,,,
Extreme points of comp: Aft end x = 7.96 m    (at frame 10),,,,,,,,,,,,,,,,,,,
Fore end x = 11.16 m    (at frame 14),,,,,,,,,,,,,,,,,,,
Sounding device:       Manual sounding,,,,,,,,,,,,,,,,,,,
x =   9.40 m (at frame 12) y =  -2.69 m,,,,,,,,,,,,,,,,,,,
,,,,,,,,,,,,,,,,,,,
LOW TBN CYL.O.STOR.TK. - Volume in m3,,,,,,,,,,,,,,,,,,,
Depth,-1,0,0.5,1,1.5,2,3,4,,Depth,-4,-3,-2,-1,0,1,2,3,4
0,0.296,0.264,0.249,0.233,0.217,0.201,0.169,0.138,,0,10.579,7.861,5.238,2.618,0,0,0,0,0
50,0.578,0.546,0.53,0.514,0.498,0.482,0.451,0.419,,100,10.489,7.861,5.238,2.618,0,-2.618,-5.237,-7.862,-10.489
100,0.859,0.827,0.811,0.796,0.78,0.764,0.732,0.7,,200,10.489,7.862,5.238,2.618,0,-2.618,-5.237,-7.861,-10.489
150,1.14,1.109,1.093,1.077,1.061,1.045,1.014,0.982,,300,10.489,7.861,5.238,2.618,0,-2.618,-5.237,-7.861,-10.489
200,1.422,1.39,1.374,1.358,1.342,1.327,1.295,1.263,,400,10.49,7.861,5.237,2.618,0,-2.618,-5.238,-7.861,-10.489
250,1.703,1.671,1.656,1.64,1.624,1.608,1.576,1.545,,500,10.489,7.862,5.237,2.618,0,-2.618,-5.238,-7.861,-10.49
300,1.984,1.953,1.937,1.921,1.905,1.889,1.858,1.826,,600,10.489,7.861,5.237,2.617,0,-2.618,-5.238,-7.861,-10.489
350,2.266,2.234,2.218,2.202,2.187,2.171,2.139,2.107,,700,10.488,7.862,5.237,2.617,0,-2.618,-5.238,-7.861,-10.49
400,2.547,2.516,2.5,2.484,2.468,2.452,2.42,2.389,,800,10.49,7.86,5.238,2.617,0,-2.618,-5.237,-7.862,-10.489
450,2.829,2.797,2.781,2.765,2.749,2.734,2.702,2.67,,900,10.489,7.861,5.237,2.617,0,-2.618,-5.237,-7.861,-10.489
500,3.11,3.078,3.062,3.047,3.031,3.015,2.983,2.952,,1000,10.488,7.862,5.238,2.617,0,-2.618,-5.237,-7.861,-10.489
550,3.391,3.36,3.344,3.328,3.312,3.296,3.265,3.233,,1100,10.489,7.861,5.237,2.618,0,-2.618,-5.237,-7.861,-10.489
600,3.673,3.641,3.625,3.609,3.594,3.578,3.546,3.514,,1200,10.49,7.862,5.238,2.619,0,-2.617,-5.238,-7.861,-10.49
650,3.954,3.922,3.907,3.891,3.875,3.859,3.827,3.796,,1300,10.488,7.862,5.238,2.619,0,-2.619,-5.239,-7.861,-10.49
700,4.236,4.204,4.188,4.172,4.156,4.14,4.109,4.077,,1400,10.49,7.86,5.238,2.619,0,-2.619,-5.239,-7.861,-10.489
750,4.517,4.485,4.469,4.454,4.438,4.422,4.39,4.358,,1500,10.49,7.86,5.238,2.619,0,-2.619,-5.238,-7.862,-10.489
800,4.798,4.767,4.751,4.735,4.719,4.703,4.672,4.64,,1600,10.488,7.86,5.238,2.619,0,-2.619,-5.24,-7.862,-10.49
850,5.08,5.048,5.032,5.016,5,4.985,4.953,4.921,,1700,10.489,7.862,5.238,2.619,0,-2.619,-5.24,-7.86,-10.488
900,5.361,5.329,5.314,5.298,5.282,5.266,5.234,5.203,,1800,10.49,7.862,5.238,2.619,0,-2.619,-5.24,-7.86,-10.49
950,5.642,5.611,5.595,5.579,5.563,5.547,5.516,5.484,,1900,10.49,7.862,5.238,2.619,0,-2.619,-5.24,-7.86,-10.489
1000,5.924,5.892,5.876,5.86,5.845,5.829,5.797,5.765,,2000,10.488,7.861,5.24,2.619,0,-2.619,-5.238,-7.862,-10.49
1050,6.205,6.174,6.158,6.142,6.126,6.11,6.078,6.047,,2100,10.489,7.86,5.24,2.619,0,-2.619,-5.238,-7.862,-10.488
1100,6.487,6.455,6.439,6.423,6.407,6.392,6.36,6.328,,2200,10.489,7.86,5.24,2.619,0,-2.619,-5.238,-7.862,-10.49
1150,6.768,6.736,6.72,6.705,6.689,6.673,6.641,6.61,,2300,10.487,7.859,5.24,2.619,0,-2.619,-5.239,-7.862,-10.49
1200,7.049,7.018,7.002,6.986,6.97,6.954,6.923,6.891,,2400,10.49,7.862,5.238,2.619,0,-2.619,-5.238,-7.86,-10.488
1250,7.331,7.299,7.283,7.267,7.252,7.236,7.204,7.172,,2500,10.49,7.862,5.239,2.619,0,-2.619,-5.239,-7.86,-10.489
1300,7.612,7.58,7.565,7.549,7.533,7.517,7.485,7.454,,2600,10.489,7.862,5.238,2.619,0,-2.619,-5.238,-7.86,-10.49
1350,7.894,7.862,7.846,7.83,7.814,7.798,7.767,7.735,,2700,10.488,7.862,5.239,2.619,0,-2.619,-5.238,-7.862,-10.49
1400,8.175,8.143,8.127,8.112,8.096,8.08,8.048,8.016,,2800,10.489,7.86,5.238,2.619,0,-2.619,-5.238,-7.862,-10.488
1450,8.456,8.425,8.409,8.393,8.377,8.361,8.329,8.298,,2900,10.49,7.861,5.239,2.619,0,-2.619,-5.238,-7.861,-10.49
1500,8.738,8.706,8.69,8.674,8.658,8.643,8.611,8.579,,3000,10.488,7.86,5.239,2.619,0,-2.619,-5.239,-7.862,-10.49
1550,9.019,8.987,8.972,8.956,8.94,8.924,8.892,8.861,,3100,10.489,7.862,5.238,2.619,0,-2.619,-5.238,-7.86,-10.487
1600,9.3,9.269,9.253,9.237,9.221,9.205,9.174,9.142,,3200,10.489,7.862,5.239,2.618,0,-2.619,-5.24,-7.86,-10.49
1650,9.582,9.55,9.534,9.518,9.503,9.487,9.455,9.423,,3300,10.49,7.862,5.238,2.619,0,-2.619,-5.24,-7.86,-10.489
1700,9.863,9.831,9.816,9.8,9.784,9.768,9.736,9.705,,3400,10.488,7.862,5.238,2.619,0,-2.619,-5.24,-7.862,-10.49
1750,10.145,10.113,10.097,10.081,10.065,10.049,10.018,9.986,,3500,10.49,7.86,5.239,2.619,0,-2.618,-5.24,-7.862,-10.488
1800,10.426,10.394,10.378,10.363,10.347,10.331,10.299,10.267,,3600,10.489,7.86,5.24,2.619,0,-2.619,-5.238,-7.862,-10.49
1850,10.707,10.676,10.66,10.644,10.628,10.612,10.581,10.549,,3700,10.488,7.86,5.24,2.619,0,-2.619,-5.238,-7.862,-10.49
1900,32761,10.957,10.941,10.925,10.909,10.894,10.862,10.83,,3800,10.489,7.861,5.24,2.619,0,-2.619,-5.239,-7.86,-10.488
1950,11.27,11.238,11.223,11.207,11.191,11.175,11.143,11.112,,3900,10.49,7.863,5.241,2.619,0,-2.619,-5.238,-7.86,-10.49
2000,11.551,11.52,11.504,11.488,11.472,11.456,11.425,11.393,,4000,10.487,7.862,5.238,2.619,0,-2.618,-5.238,-7.862,-10.49
2050,11.833,11.801,11.785,11.769,11.754,11.738,11.706,11.674,,4100,10.488,7.863,5.239,2.619,0,-2.618,-5.238,-7.862,-10.489
2100,12.114,12.083,12.067,12.051,12.035,12.019,11.987,11.956,,4200,10.49,7.861,5.239,2.619,0,-2.619,-5.238,-7.862,-10.487
2150,12.396,12.364,12.348,12.332,12.316,12.301,12.269,12.237,,4300,10.489,7.86,5.239,2.619,0,-2.619,-5.239,-7.861,-10.49
2200,12.677,12.645,12.629,12.614,12.598,12.582,12.55,12.519,,4400,16.84,14.81,9.884,4.943,0,-2.619,-5.238,-7.86,-10.489
2250,12.958,12.927,12.911,12.895,12.879,12.863,12.832,12.8,,4500,0,0,0,0,0,0,0,-0.571,-5.016
2300,13.24,13.208,13.192,13.176,13.161,13.145,13.113,13.081,,4600,0,0,0,0,0,0,0,0,0
2350,13.521,13.489,13.474,13.458,13.442,13.426,13.394,13.363,,5023,0,0,0,0,0,0,0,0,0
2400,13.803,13.771,13.755,13.739,13.723,13.707,13.676,13.644,,,,,,,,,,,
2450,14.084,14.052,14.036,14.021,14.005,13.989,13.957,13.925,,,,,,,,,,,
2500,14.365,14.334,14.318,14.302,14.286,14.27,14.239,14.207,,,,,,,,,,,
2550,14.647,14.615,14.599,14.583,14.567,14.552,14.52,14.488,,,,,,,,,,,
2600,14.928,14.896,14.881,14.865,14.849,14.833,14.801,14.77,,,,,,,,,,,
2650,15.209,15.178,15.162,15.146,15.13,15.114,15.083,15.051,,,,,,,,,,,
2700,15.491,15.459,15.443,15.427,15.412,15.396,15.364,15.332,,,,,,,,,,,
2750,15.772,15.741,15.725,15.709,15.693,15.677,15.645,15.614,,,,,,,,,,,
2800,16.054,16.022,16.006,15.99,15.974,15.959,15.927,15.895,,,,,,,,,,,
2850,16.335,16.303,16.287,16.272,16.256,16.24,16.208,16.176,,,,,,,,,,,
2900,16.616,16.585,16.569,16.553,16.537,16.521,16.49,16.458,,,,,,,,,,,
2950,16.898,16.866,16.85,16.834,16.819,16.803,16.771,16.739,,,,,,,,,,,
3000,17.179,17.147,17.132,17.116,17.1,17.084,17.052,17.021,,,,,,,,,,,
3050,17.461,17.429,17.413,17.397,17.381,17.365,17.334,17.302,,,,,,,,,,,
3100,17.742,17.71,17.694,17.678,17.663,17.647,17.615,17.583,,,,,,,,,,,
3150,18.023,17.992,17.976,17.96,17.944,17.928,17.897,17.865,,,,,,,,,,,
3200,18.305,18.273,18.257,18.241,18.225,18.21,18.178,18.146,,,,,,,,,,,
3250,18.586,18.554,18.538,18.523,18.507,18.491,18.459,18.428,,,,,,,,,,,
3300,18.867,18.836,18.82,18.804,18.788,18.772,18.741,18.709,,,,,,,,,,,
3350,19.149,19.117,19.101,19.085,19.07,19.054,19.022,18.99,,,,,,,,,,,
3400,19.43,19.398,19.383,19.367,19.351,19.335,19.303,19.272,,,,,,,,,,,
3450,19.712,19.68,19.664,19.648,19.632,19.616,19.585,19.553,,,,,,,,,,,
3500,19.993,19.961,19.945,19.93,19.914,19.898,19.866,19.834,,,,,,,,,,,
3550,20.274,20.243,20.227,20.211,20.195,20.179,20.148,20.116,,,,,,,,,,,
3600,20.556,20.524,20.508,20.492,20.476,20.461,20.429,20.397,,,,,,,,,,,
3650,20.837,20.805,20.79,20.774,20.758,20.742,20.71,20.679,,,,,,,,,,,
3700,21.118,21.087,21.071,21.055,21.039,21.023,20.992,20.96,,,,,,,,,,,
3750,21.4,21.368,21.352,21.336,21.321,21.305,21.273,21.241,,,,,,,,,,,
3800,21.681,21.65,21.634,21.618,21.602,21.586,21.554,21.523,,,,,,,,,,,
3850,21.963,21.931,21.915,21.899,21.883,21.868,21.836,21.804,,,,,,,,,,,
3900,22.244,22.212,22.196,22.181,22.165,22.149,22.117,22.086,,,,,,,,,,,
3950,22.525,22.494,22.478,22.462,22.446,22.43,22.399,22.367,,,,,,,,,,,
4000,22.807,22.775,22.759,22.743,22.728,22.712,22.68,22.648,,,,,,,,,,,
4050,23.088,23.056,23.041,23.025,23.009,22.993,22.961,22.93,,,,,,,,,,,
4100,23.37,23.338,23.322,23.306,23.29,23.274,23.243,23.211,,,,,,,,,,,
4150,23.651,23.619,23.603,23.588,23.572,23.556,23.524,23.492,,,,,,,,,,,
4200,23.932,23.901,23.885,23.869,23.853,23.837,23.806,23.774,,,,,,,,,,,
4250,24.214,24.182,24.166,24.15,24.134,24.119,24.087,24.055,,,,,,,,,,,
4300,24.495,24.463,24.448,24.432,24.416,24.4,24.368,24.337,,,,,,,,,,,
4350,24.776,24.745,24.729,24.713,24.697,24.681,24.65,24.618,,,,,,,,,,,
4400,25.058,25.026,25.01,24.994,24.979,24.963,24.931,24.899,,,,,,,,,,,
4450,25.32,25.308,25.292,25.276,25.263,25.244,25.212,25.18,,,,,,,,,,,
4500,25.324,25.324,25.324,25.324,25.324,25.324,25.324,25.324,,,,,,,,,,,
4550,25.324,25.324,25.324,25.324,25.324,25.324,25.324,25.324,,,,,,,,,,,
5023,25.324,25.324,25.324,25.324,25.324,25.324,25.324,25.324,,,,,,,,,,,
,,,,,,,,,,,,,,,,,,,
Compartment ident:     R5.04,,,,,,,,,,,,,,,,,,,
"Contents         :      Lubricating Oil (LO, RHO = 0.9)",,,,,,,,,,,,,,,,,,,
Extreme points of comp: Aft end x = 7.96 m    (at frame 10),,,,,,,,,,,,,,,,,,,
Fore end x = 11.16 m    (at frame 14),,,,,,,,,,,,,,,,,,,
Sounding device:       Manual sounding,,,,,,,,,,,,,,,,,,,
x =   9.70 m (at frame 12) y =  -4.53 m,,,,,,,,,,,,,,,,,,,
,,,,,,,,,,,,,,,,,,,
HIGH TBN CYL.O.STOR.TK. - Volume in m3,,,,,,,,,,,,,,,,,,,
Depth,-1,0,0.5,1,1.5,2,3,4,,Depth,,-3,-2,-1,0,1,2,3,
0,0.42,0.37,0.35,0.32,0.3,0.28,0.23,0.18,,0,0,0,0,0,0,3.492,6.985,10.481,13.985
50,0.77,0.13,0.7,0.68,0.65,0.63,0.58,0.53,,100,-13.985,-10.481,-6.984,-3.491,0,3.491,6.984,10.481,13.986
100,1.13,1.08,1.05,1.03,1,0.98,0.93,0.88,,200,-13.986,-10.481,-6.984,-3.491,0,3.491,6.984,10.481,13.986
150,1.48,1.43,1.4,1.38,1.36,1.33,1.28,1.24,,300,-13.985,-10.482,-6.984,-3.491,0,3.491,6.984,10.481,13.985
200,1.83,1.78,1.76,1.73,1.71,1.68,1.64,1.59,,400,-13.985,-10.481,-6.985,-3.491,0,3.491,6.984,10.482,13.985
250,2.18,2.13,2.11,2.08,2.06,2.04,1.99,1.94,,500,-13.985,-10.481,-6.985,-3.492,0,3.491,6.984,10.481,13.986
300,2.53,2.48,2.46,2.44,2.41,2.39,2.34,2.29,,600,-13.985,-10.481,-6.985,-3.492,0,3.491,6.984,10.481,13.986
350,2.88,2.84,2.81,2.79,2.76,2.74,2.69,2.64,,700,-13.986,-10.48,-6.984,-3.492,0,3.491,6.985,10.482,13.985
400,3.24,3.19,3.16,3.14,3.11,3.09,3.04,2.99,,800,-13.986,-10.481,-6.984,-3.492,0,3.491,6.985,10.481,13.986
450,3.59,3.54,3.51,3.49,3.47,3.44,3.39,3.35,,900,-13.985,-10.483,-6.984,-3.492,0,3.491,6.984,10.481,13.985
500,3.94,3.89,3.87,3.84,3.82,3.79,3.75,3.7,,1000,-13.983,-10.483,-6.984,-3.492,0,3.491,6.984,10.481,13.985
550,4.29,4.24,4.22,4.19,4.17,4.15,4.1,4.05,,1100,-13.985,-10.481,-6.984,-3.492,0,3.491,6.984,10.481,13.985
600,4.64,4.59,4.57,4.55,4.52,4.5,4.45,4.4,,1200,-13.985,-10.483,-6.984,-3.492,0,3.491,6.984,10.48,13.984
650,4.99,4.95,4.92,4.9,4.87,4.85,4.8,4.75,,1300,-13.983,-10.481,-6.984,-3.492,0,3.49,6.984,10.482,13.987
700,5.35,5.3,5.27,5.25,5.22,5.2,5.15,5.1,,1400,-13.986,-10.481,-6.984,-3.492,0,3.49,6.982,10.482,13.985
750,5.7,5.65,5.63,5.6,5.58,5.55,5.5,5.46,,1500,-13.986,-10.483,-6.984,-3.492,0,3.49,6.982,10.481,13.986
800,6.05,6,5.98,5.95,5.93,5.9,5.86,5.81,,1600,-13.983,-10.483,-6.984,-3.492,0,3.49,6.982,10.483,13.986
850,6.4,6.35,6.33,6.3,6.28,6.26,6.21,6.16,,1700,-13.983,-10.483,-6.984,-3.492,0,3.49,6.982,10.481,13.986
900,6.75,6.7,6.68,6.66,6.63,6.61,6.56,6.51,,1800,-13.985,-10.483,-6.984,-3.492,0,3.49,6.982,10.481,13.983
950,7.1,7.06,7.03,7.01,6.98,6.96,6.91,6.86,,1900,-13.985,-10.481,-6.982,-3.492,0,3.49,6.984,10.483,13.984
1000,7.46,7.41,7.38,7.36,7.34,7.31,7.26,7.21,,2000,-13.983,-10.481,-6.982,-3.492,0,3.49,6.984,10.483,13.986
1050,7.81,7.76,7.74,7.71,7.69,7.66,7.61,7.57,,2100,-13.985,-10.481,-6.982,-3.492,0,3.49,6.984,10.483,13.985
1100,8.16,8.11,8.09,8.06,8.04,8.01,7.97,7.92,,2200,-13.985,-10.483,-6.982,-3.492,0,3.49,6.984,10.483,13.984
1150,8.51,8.46,8.44,8.41,8.39,8.37,8.32,8.27,,2300,-13.983,-10.483,-6.982,-3.492,0,3.49,6.984,10.481,13.985
1200,8.86,8.81,8.79,8.77,8.74,8.72,8.67,8.62,,2400,-13.983,-10.483,-6.984,-3.492,0,3.49,6.984,10.481,13.986
1250,9.21,9.17,9.14,9.12,9.09,9.07,9.02,8.97,,2500,-13.985,-10.483,-6.984,-3.492,0,3.49,6.984,10.481,13.983
1300,9.57,9.52,9.49,9.47,9.45,9.42,9.37,9.32,,2600,-13.986,-10.481,-6.984,-3.492,0,3.49,6.984,10.483,13.983
1350,9.92,9.87,9.85,9.82,9.8,9.77,9.72,9.68,,2700,-13.983,-10.481,-6.984,-3.49,0,3.492,6.984,10.483,13.985
1400,10.27,10.22,10.2,10.17,10.15,10.13,10.08,10.03,,2800,-13.985,-10.481,-6.984,-3.49,0,3.492,6.984,10.483,13.986
1450,10.62,10.57,10.55,10.53,10.5,10.48,10.43,10.38,,2900,-13.986,-10.483,-6.984,-3.49,0,3.492,6.982,10.483,13.984
1500,10.97,10.93,10.9,10.88,10.85,10.83,10.78,10.73,,3000,-13.983,-10.483,-6.984,-3.49,0,3.493,6.982,10.481,13.986
1550,11.33,11.28,11.25,11.23,11.2,11.18,11.13,11.08,,3100,-13.985,-10.483,-6.984,-3.489,0,3.493,6.982,10.482,13.986
1600,11.68,11.63,11.6,11.58,11.56,11.53,11.48,11.44,,3200,-13.986,-10.483,-6.984,-3.49,0,3.492,6.982,10.481,13.983
1650,12.03,11.98,11.96,11.93,11.91,11.88,11.84,11.79,,3300,-13.985,-10.482,-6.984,-3.491,0,3.492,6.982,10.483,13.983
1700,12.38,12.33,12.31,12.28,12.26,12.24,12.19,12.14,,3400,-13.984,-10.482,-6.984,-3.49,0,3.492,6.982,10.483,13.985
1750,12.73,12.68,12.66,12.64,12.61,12.587,12.54,12.49,,3500,-13.985,-10.481,-6.982,-3.49,0,3.492,6.984,10.483,13.985
1800,13.08,13.04,13.01,12.99,12.96,12.94,12.89,12.84,,3600,-13.986,-10.483,-6.982,-3.491,0,3.492,6.984,10.483,13.983
1850,13.44,13.39,13.36,13.34,13.31,13.29,13.24,13.19,,3700,-13.983,-10.483,-6.983,-3.49,0,3.492,6.984,10.481,13.985
1900,13.79,13.74,13.71,13.69,13.67,13.64,13.59,13.55,,3800,-13.985,-10.483,-6.982,-3.49,0,3.493,6.984,10.481,13.986
1950,14.14,14.09,14.07,14.04,14.02,13.99,13.95,13.9,,3900,-13.985,-10.483,-6.982,-3.49,0,3.492,6.984,10.481,13.983
2000,14.49,14.44,14.42,14.39,14.37,14.35,14.3,14.25,,4000,-13.983,-10.481,-6.984,-3.49,0,3.492,6.984,10.483,13.985
2050,14.84,14.79,14.77,14.75,14.72,14.7,14.65,14.6,,4100,-13.984,-10.481,-6.984,-3.49,0,3.492,6.984,10.483,13.985
2100,15.19,15.15,15.12,15.1,15.07,15.05,15,14.95,,4200,-13.985,-10.481,-6.984,-3.491,0,3.492,6.984,10.483,13.986
2150,15.55,15.5,15.47,15.45,15.43,15.4,15.35,15.3,,4300,-13.986,-10.483,-6.984,-3.49,0,3.492,6.984,10.483,13.983
2200,15.9,15.85,15.83,15.8,15.78,15.75,15.7,15.66,,4400,-13.99,-10.483,-6.984,-3.49,0,7.43,14.859,21.131,22.458
2250,16.25,16.2,16.18,16.15,16.13,16.1,16.06,16.01,,4500,-4.607,0,0,0,0,0,0,0,0
2300,16.6,16.55,16.53,16.5,16.48,16.46,16.41,16.36,,4600,0,0,0,0,0,0,0,0,0
2350,16.95,16.9,16.88,16.86,16.83,16.81,16.76,16.71,,5002,0,0,0,0,0,0,0,0,0
2400,17.3,17.26,17.23,17.21,17.18,17.16,17.11,17.06,,,,,,,,,,,
2450,17.66,17.61,17.58,17.56,17.54,17.51,17.46,17.41,,,,,,,,,,,
2500,18.01,17.96,17.94,17.91,17.89,17.86,17.81,17.77,,,,,,,,,,,
2550,18.36,18.31,18.29,18.26,18.24,18.21,18.17,18.12,,,,,,,,,,,
2600,18.71,18.66,18.64,18.61,18.59,18.57,18.52,18.47,,,,,,,,,,,
2650,19.06,19.01,18.99,18.97,18.94,18.92,18.87,18.82,,,,,,,,,,,
2700,19.42,19.37,19.34,19.32,19.29,19.27,19.22,19.17,,,,,,,,,,,
2750,19.77,19.72,19.69,19.67,19.65,19.62,19.57,19.52,,,,,,,,,,,
2800,20.12,20.07,20.05,20.02,20,19.97,19.93,19.88,,,,,,,,,,,
2850,20.47,20.42,20.4,20.37,20.35,20.33,20.28,20.23,,,,,,,,,,,
2900,20.82,20.77,20.75,20.73,20.7,20.68,20.63,20.58,,,,,,,,,,,
2950,21.17,21.13,21.1,21.08,21.05,21.03,20.98,20.93,,,,,,,,,,,
3000,21.53,21.48,21.452,21.43,21.4,21.38,21.33,21.28,,,,,,,,,,,
3050,21.88,21.83,21.8,21.78,21.76,21.73,21.68,21.64,,,,,,,,,,,
3100,22.23,22.18,22.16,22.13,22.11,22.08,22.04,21.99,,,,,,,,,,,
3150,22.58,22.53,22.51,22.48,22.46,22.44,22.39,22.34,,,,,,,,,,,
3200,22.93,22.88,22.86,22.84,22.81,22.79,22.74,22.69,,,,,,,,,,,
3250,23.28,23.24,23.21,23.19,23.16,23.14,23.09,23.04,,,,,,,,,,,
3300,23.64,23.59,23.56,23.54,23.51,23.49,23.44,23.39,,,,,,,,,,,
3350,23.99,23.94,23.91,23.89,23.87,23.84,23.79,23.75,,,,,,,,,,,
3400,24.34,24.29,24.27,24.24,24.22,24.19,24.15,24.1,,,,,,,,,,,
3450,24.69,24.64,24.62,24.59,24.57,24.55,24.5,24.45,,,,,,,,,,,
3500,25.04,24.99,24.97,24.95,24.92,24.9,24.85,24.8,,,,,,,,,,,
3550,25.39,25.35,25.32,25.3,25.27,25.25,25.2,25.15,,,,,,,,,,,
3600,25.75,25.7,25.67,25.65,25.63,25.6,25.55,25.5,,,,,,,,,,,
3650,26.1,26.05,26.03,26,25.98,25.95,25.9,25.86,,,,,,,,,,,
3700,26.45,26.4,26.38,26.35,26.33,26.3,26.26,26.21,,,,,,,,,,,
3750,26.8,26.75,26.73,26.7,26.68,26.66,26.61,26.56,,,,,,,,,,,
3800,27.15,27.1,27.08,27.06,27.03,27.01,26.96,26.91,,,,,,,,,,,
3850,27.5,27.46,27.43,27.41,27.38,27.36,27.31,27.26,,,,,,,,,,,
3900,27.86,27.81,27.78,27.76,27.74,27.71,27.66,27.61,,,,,,,,,,,
3950,28.21,28.16,28.14,28.11,28.09,28.06,28.01,27.97,,,,,,,,,,,
4000,28.56,28.51,28.49,28.46,28.44,28.41,28.37,28.32,,,,,,,,,,,
4050,28.91,28.86,28.84,28.81,28.79,28.77,28.72,28.67,,,,,,,,,,,
4100,29.26,29.22,29.19,29.17,29.14,29.12,29.07,29.02,,,,,,,,,,,
4150,29.62,29.57,29.54,29.52,29.49,29.47,29.42,29.37,,,,,,,,,,,
4200,29.97,29.92,29.89,29.87,29.85,29.82,29.77,29.73,,,,,,,,,,,
4250,30.32,30.27,30.25,30.22,30.2,30.17,30.13,30.08,,,,,,,,,,,
4300,30.67,30.62,30.6,30.57,30.55,30.53,30.48,30.43,,,,,,,,,,,
4350,31.02,30.97,30.95,30.93,30.901,30.88,30.83,30.78,,,,,,,,,,,
4400,31.37,31.33,31.3,31.28,31.25,31.23,31.18,31.13,,,,,,,,,,,
4450,31.66,31.66,31.65,31.62,31.6,31.58,31.53,31.48,,,,,,,,,,,
4500,31.66,31.66,31.66,31.66,31.66,31.66,31.66,31.65,,,,,,,,,,,
4550,31.66,31.66,31.66,31.66,31.66,31.66,31.66,31.66,,,,,,,,,,,
5002,31.66,31.66,31.66,31.66,31.66,31.66,31.66,31.66,,,,,,,,,,,
,,,,,,,,,,,,,,,,,,,
,,,,,,,,,,,,,,,,,,,
M/E L.O.SUMP.TK. - Volume in m3,,,,,,,,,,,,,,,,,,,
Depth,-1,0,0.5,1,1.5,2,3,4,,Depth,-4,-3,-2,-1,0,1,2,3,4
0,0.033,0.031,0.03,0.029,0.028,0.027,0.024,0.022,,0,106.945,59.56,14.924,7.248,0,0,0,0,0
50,0.194,0.135,0.134,0.133,0.131,0.13,0.128,0.126,,100,85.66,64.2,42.778,21.382,0,-59.904,-72.337,-80.786,-85.533
100,1.345,0.643,0.345,0.279,0.257,0.246,0.236,0.231,,200,85.66,64.199,42.778,21.382,0,-21.382,-42.778,-63.01,-75.544
150,2.798,2.096,1.745,1.394,1.057,0.851,0.645,0.542,,300,85.66,64.199,42.778,21.382,0,-21.382,-42.778,-64.2,-85.66
200,4.25,3.548,3.197,2.846,2.495,2.144,1.542,1.22,,400,85.66,64.2,42.778,21.382,0,-21.382,-42.778,-64.2,-85.66
250,5.702,5,4.649,4.298,3.947,3.596,2.894,2.262,,500,85.66,64.199,42.778,21.382,0,-21.382,-42.778,-64.2,-85.66
300,7.155,6.453,6.102,5.751,5.4,5.049,4.347,3.645,,600,85.66,64.2,42.778,21.382,0,-21.383,-42.778,-64.2,-85.66
350,8.607,7.905,7.554,7.203,6.852,6.501,5.799,5.097,,700,85.66,64.2,42.778,21.383,0,-21.383,-42.778,-64.2,-85.66
400,10.059,9.357,9.006,8.655,8.304,7.953,7.251,6.549,,800,85.555,64.199,42.778,21.383,0,-21.383,-42.778,-64.2,-85.66
450,11.512,10.81,10.459,10.108,9.757,9.406,8.704,8.002,,900,85.27,63.967,42.704,21.446,0,-21.382,-42.778,-64.2,-85.66
500,12.964,12.262,11.911,11.56,11.209,10.858,10.156,9.454,,1000,82.496,63.88,42.565,21.276,0,-21.224,-42.608,-64.094,-85.618
550,14.416,13.714,13.363,13.012,12.661,12.31,11.608,10.906,,1100,83.85,77.3,67.29,43.465,0,-21.276,-42.565,-63.88,-85.288
600,15.869,15.167,14.816,14.465,14.114,13.763,13.061,12.359,,1200,85.661,64.198,42.778,21.382,0,-3.137,-17.999,-51.25,-89.759
650,17.321,16.619,16.268,15.917,15.566,15.215,14.513,13.811,,1300,85.661,64.198,42.778,21.382,0,-21.382,-42.778,-64.201,-100.657
700,18.774,18.072,17.72,17.369,17.018,16.667,15.965,15.263,,1400,85.663,64.199,42.778,21.383,0,-21.382,-42.778,-64.201,-85.659
750,20.226,19.524,19.173,18.822,18.471,18.12,17.418,16.716,,1500,85.662,64.199,42.779,21.382,0,-21.383,-42.778,-64.201,-85.659
800,21.678,20.976,20.625,20.274,19.923,19.572,18.87,18.168,,1600,85.661,64.198,42.779,21.384,0,-21.381,-42.778,-64.199,-85.659
850,23.131,22.429,22.078,21.727,21.376,21.025,20.322,19.62,,1700,71.075,61.201,42.777,21.382,0,-21.382,-42.777,-64.2,-85.659
900,24.583,23.881,23.53,23.179,22.828,22.477,21.775,21.073,,1800,91.858,92.073,91.93,89.957,0,-21.382,-42.778,-64.202,-85.674
950,26.034,25.333,24.982,24.631,24.28,23.929,23.227,22.525,,1900,0,0,0,0,0,0,0,-100.43,-103.815
1000,27.479,26.777,26.426,26.076,25.725,25.374,24.673,23.971,,2000,0,0,0,0,0,0,0,0,0
1050,28.923,28.222,27.871,27.52,27.169,26.819,26.117,25.416,,2100,0,0,0,0,0,0,0,0,0
1100,30.363,29.666,29.315,28.965,28.614,28.263,27.562,26.86,,4686,0,0,0,0,0,0,0,0,0
1150,30.979,30.977,30.753,30.408,30.058,29.708,29.006,28.305,,,,,,,,,,,
1200,31.083,31.08,31.079,31.078,31.01,30.805,30.248,29.618,,,,,,,,,,,
1250,31.186,31.184,31.183,31.182,31.181,31.18,31.005,30.569,,,,,,,,,,,
1300,31.29,31.288,31.287,31.286,31.284,31.283,31.281,31.156,,,,,,,,,,,
1350,31.394,31.392,31.39,31.389,31.388,31.387,31.385,31.382,,,,,,,,,,,
1400,31.498,31.495,31.494,31.493,31.492,31.491,31.488,31.486,,,,,,,,,,,
1450,31.601,31.599,31.598,31.597,31.596,31.595,31.592,31.59,,,,,,,,,,,
1500,31.705,31.703,31.702,31.701,31.699,31.698,31.696,31.694,,,,,,,,,,,
1550,31.809,31.807,31.805,31.804,31.803,31.802,31.8,31.797,,,,,,,,,,,
1600,31.913,31.91,31.909,31.908,31.907,31.906,31.903,31.901,,,,,,,,,,,
1650,32.016,32.014,32.013,32.012,32.011,32.009,32.007,32.005,,,,,,,,,,,
1700,32.12,32.118,32.117,32.116,32.114,32.113,32.111,32.109,,,,,,,,,,,
1750,32.224,32.222,32.22,32.219,32.218,32.217,32.215,32.212,,,,,,,,,,,
1800,32.328,32.325,32.324,32.323,32.322,32.321,32.318,32.316,,,,,,,,,,,
1850,32.336,32.336,32.336,32.336,32.336,32.336,32.336,32.336,,,,,,,,,,,
1900,32.336,32.336,32.336,32.336,32.336,32.336,32.336,32.336,,,,,,,,,,,
1950,32.336,32.336,32.336,32.336,32.336,32.336,32.336,32.336,,,,,,,,,,,
2000,32.336,32.336,32.336,32.336,32.336,32.336,32.336,32.336,,,,,,,,,,,
2050,32.336,32.336,32.336,32.336,32.336,32.336,32.336,32.336,,,,,,,,,,,
4686,32.336,32.336,32.336,32.336,32.336,32.336,32.336,32.336,,,,,,,,,,,
,,,,,,,,,,,,,,,,,,,
,,,,,,,,,,,,,,,,,,,
M/E L.O.SETT.TK. - Volume in m3,,,,,,,,,,,,,,,,,,,
Depth,-1,0,0.5,1,1.5,2,3,4,,Depth,-4,-3,-2,-1,0,1,2,3,4
0,0.256,0.244,0.238,0.232,0.226,0.22,0.208,0.196,,0,26.832,17.908,10.41,5.157,0,0,0,0,0
50,0.528,0.516,0.51,0.504,0.498,0.492,0.48,0.468,,100,20.664,15.486,10.319,5.158,0,-5.159,-10.319,-15.487,-20.664
100,0.799,0.787,0.781,0.775,0.769,0.763,0.751,0.739,,200,20.664,15.487,10.319,5.159,0,-5.158,-10.319,-15.486,-20.664
150,1.071,1.059,1.053,1.047,1.041,1.035,1.023,1.011,,300,20.664,15.487,10.319,5.159,0,-5.157,-10.319,-15.487,-20.664
200,1.342,1.33,1.324,1.318,1.312,1.306,1.294,1.282,,400,20.664,15.487,10.319,5.159,0,-5.158,-10.32,-15.487,-20.664
250,1.614,1.602,1.596,1.59,1.584,1.578,1.566,1.554,,500,20.663,15.486,10.318,5.159,0,-5.158,-10.319,-15.487,-20.663
300,1.885,1.873,1.867,1.861,1.855,1.849,1.837,1.825,,600,20.664,15.487,10.319,5.158,0,-5.158,-10.319,-15.486,-20.664
350,2.157,2.145,2.139,2.133,2.127,2.121,2.109,2.097,,700,20.664,15.487,10.319,5.159,0,-5.158,-10.319,-15.487,-20.663
400,2.428,2.416,2.41,2.404,2.398,2.392,2.38,2.368,,800,20.664,15.486,10.319,5.158,0,-5.158,-10.319,-15.487,-20.665
450,2.7,2.688,2.682,2.676,2.67,2.664,2.652,2.64,,900,20.664,15.487,10.319,5.159,0,-5.158,-10.318,-15.486,-20.664
500,2.971,2.959,2.953,2.947,2.941,2.935,2.923,2.911,,1000,20.664,15.487,10.319,5.158,0,-5.158,-10.317,-15.486,-20.664
550,3.243,3.231,3.225,3.219,3.213,3.207,3.195,3.183,,1100,20.664,15.487,10.319,5.158,0,-5.158,-10.319,-15.486,-20.662
600,3.514,3.502,3.496,3.49,3.484,3.478,3.466,3.454,,1200,20.665,15.486,10.32,5.158,0,-5.158,-10.32,-15.488,-20.664
650,3.786,3.774,3.768,3.762,3.756,3.75,3.738,3.726,,1300,20.663,15.486,10.319,5.157,0,-5.157,-10.32,-15.488,-20.664
700,4.057,4.045,4.039,4.033,4.027,4.021,4.009,3.997,,1400,20.664,15.488,10.319,5.157,0,-5.158,-10.319,-15.486,-20.663
750,4.329,4.317,4.311,4.305,4.299,4.293,4.281,4.269,,1500,20.665,15.488,10.319,5.158,0,-5.157,-10.319,-15.486,-20.664
800,4.6,4.588,4.582,4.576,4.57,4.564,4.552,4.54,,1600,20.664,15.488,10.319,5.157,0,-5.158,-10.319,-15.486,-20.664
850,4.872,4.86,4.854,4.848,4.842,4.836,4.824,4.812,,1700,20.664,15.486,10.319,5.158,0,-5.157,-10.319,-15.486,-20.664
900,5.143,5.131,5.125,5.119,5.113,5.107,5.095,5.083,,1800,20.664,15.486,10.319,5.157,0,-5.158,-10.319,-15.486,-20.664
950,5.415,5.403,5.397,5.391,5.385,5.379,5.367,5.355,,1900,20.664,15.486,10.32,5.157,0,-5.157,-10.319,-15.488,-20.664
1000,5.686,5.674,5.668,5.662,5.656,5.65,5.638,5.626,,2000,20.663,15.486,10.32,5.158,0,-5.157,-10.32,-15.488,-20.663
1050,5.958,5.946,5.94,5.934,5.928,5.922,5.91,5.898,,2100,20.664,15.488,10.319,5.157,0,-5.157,-10.319,-15.486,-20.663
1100,6.229,6.217,6.211,6.205,6.199,6.193,6.181,6.169,,2200,20.664,15.488,10.319,5.157,0,-5.158,-10.319,-15.486,-20.664
1150,6.501,6.489,6.483,6.477,6.471,6.465,6.453,6.441,,2300,20.663,15.486,10.319,5.157,0,-5.158,-10.32,-15.486,-20.665
1200,6.772,6.76,6.754,6.748,6.742,6.736,6.724,6.712,,2400,20.664,15.486,10.319,5.157,0,-5.157,-10.319,-15.486,-20.664
1250,7.044,7.032,7.026,7.02,7.014,7.008,6.996,6.984,,2500,20.664,15.486,10.318,5.158,0,-5.157,-10.319,-15.486,-20.663
1300,7.315,7.303,7.297,7.291,7.285,7.279,7.267,7.255,,2600,20.663,15.486,10.319,5.157,0,-5.157,-10.317,-15.488,-20.664
1350,7.587,7.575,7.569,7.563,7.557,7.551,7.539,7.527,,2700,20.665,15.486,10.319,5.158,0,-5.157,-10.319,-15.487,-20.663
1400,7.858,7.846,7.84,7.834,7.828,7.822,7.81,7.798,,2800,20.664,15.488,10.319,5.157,0,-5.158,-10.32,-15.486,-20.664
1450,8.13,8.118,8.112,8.106,8.1,8.094,8.082,8.07,,2900,20.664,15.487,10.32,5.157,0,-5.157,-10.32,-15.486,-20.664
1500,8.401,8.389,8.383,8.377,8.371,8.365,8.353,8.341,,3000,20.664,15.486,10.319,5.158,0,-5.157,-10.319,-15.486,-20.664
1550,8.673,8.661,8.655,8.649,8.643,8.637,8.625,8.613,,3100,20.663,15.486,10.319,5.157,0,-5.158,-10.32,-15.486,-20664
1600,8.944,8.932,8.926,8.92,8.914,8.908,8.896,8.884,,3200,20.664,15.487,10.32,5.158,0,-5.157,-10.319,-15.487,-20.663
1650,9.216,9.204,9.198,9.192,9.186,9.18,9.168,9.156,,3300,20.664,15.486,10.32,5.158,0,-5.157,-10.319,-15.487,-20.663
1700,9.487,9.475,9.469,9.463,9.457,9.451,9.439,9.427,,3400,20.664,15.485,10.319,5.157,0,-5.158,-10.319,-15.488,-20.664
1750,9.759,9.747,9.741,9.735,9.729,9.723,9.711,9.699,,3500,20.664,15.488,10.319,5.158,0,-5.157,-10.319,-15.486,-20.663
1800,10.03,10.018,10.012,10.006,10,9.994,9.982,9.97,,3600,20.664,15.488,10.32,5.157,0,-5.158,-10.319,-15.486,-20.663
1850,10.302,10.29,10.284,10.278,10.272,10.266,10.254,10.242,,3700,20.663,15.487,10.32,5.158,0,-5.157,-10.319,-15.486,-20.664
1900,10.573,10.561,10.555,10.549,10.543,10.537,10.525,10.513,,3800,20.663,15.486,10.319,5.158,0,-5.157,-10.319,-15.485,-20.663
1950,10.845,10.833,10.827,10.821,10.815,10.809,10.797,10.785,,3900,20.663,15.486,10.319,5.157,0,-5.158,-10.319,-15.488,-20.664
2000,11.116,11.104,11.098,11.092,11.086,11.08,11.068,11.056,,4000,20.664,15.486,10.319,5.158,0,-5.158,-10.319,-15.488,-20.663
2050,11.388,11.376,11.37,11.364,11.358,11.352,11.34,11.328,,4100,20.663,15.487,10.317,5.157,0,-5.158,-10.319,-15.487,-20.664
2100,11.66,11.647,11.641,11.635,11.629,11.623,11.611,11.599,,4200,20.664,15.488,10.319,5.156,0,-5.157,-10.317,-15.486,-20.663
2150,11.931,11.919,11.913,11.907,11.901,11.895,11.883,11.871,,4300,20.663,15.488,10.32,5.156,0,-5.157,-10.319,-15.486,-20.664
2200,12.203,12.19,12.184,12.178,12.172,12.166,12.154,12.142,,4400,9.733,15.28,16.99,9.375,0,-5.158,-10.32,-16.545,-24.774
2250,12.474,12.462,12.456,12.45,12.444,12.438,12.426,12.414,,4500,-11.215,-4.403,0,0,0,0,-4.849,-18.482,-34.708
2300,12.746,12.733,12.727,12.721,12.715,12.709,12.697,12.685,,5027,0,0,0,0,0,0,0,0,0
2350,13.017,13.005,12.999,12.993,12.987,12.981,12.969,12.957,,,,,,,,,,,
2400,13.289,13.276,13.27,13.264,13.258,13.252,13.24,13.228,,,,,,,,,,,
2450,13.56,13.548,13.542,13.536,13.53,13.524,13.512,13.5,,,,,,,,,,,
2500,13.832,13.819,13.813,13.807,13.801,13.795,13.783,13.771,,,,,,,,,,,
2550,14.103,14.091,14.085,14.079,14.073,14.067,14.055,14.043,,,,,,,,,,,
2600,14.375,14.362,14.356,14.35,14.344,14.338,14.326,14.314,,,,,,,,,,,
2650,14.646,14.634,14.628,14.622,14.616,14.61,14.598,14.586,,,,,,,,,,,
2700,14.918,14.905,14.899,14.893,14.887,14.881,14.869,14.857,,,,,,,,,,,
2750,15.189,15.177,15.171,15.165,15.159,15.153,15.141,15.129,,,,,,,,,,,
2800,15.461,15.448,15.442,15.436,15.43,15.424,15.412,15.4,,,,,,,,,,,
2850,15.732,15.72,15.714,15.708,15.702,15.696,15.684,15.672,,,,,,,,,,,
2900,16.004,15.991,15.985,15.979,15.973,15.967,15.955,15.943,,,,,,,,,,,
2950,16.275,16.263,16.257,16.251,16.245,16.239,16.227,16.215,,,,,,,,,,,
3000,16.547,16.534,16.528,16.522,16.516,16.51,16.498,16.486,,,,,,,,,,,
3050,16.818,16.806,16.8,16.794,16.788,30148,16.77,16.758,,,,,,,,,,,
3100,17.09,17.077,17.071,17.065,17.059,17.053,17.041,17.029,,,,,,,,,,,
3150,17.361,17.349,17.343,17.337,17.331,17.325,17.313,17.301,,,,,,,,,,,
3200,17.633,17.621,17.614,17.608,17.602,17.596,17.584,17.572,,,,,,,,,,,
3250,17.904,17.892,17.886,17.88,17.874,17.868,17.856,17.844,,,,,,,,,,,
3300,18.176,18.164,18.157,18.151,18.145,18.139,18.127,18.115,,,,,,,,,,,
3350,18.447,18.435,18.429,18.423,18.417,18.411,18.399,18.387,,,,,,,,,,,
3400,18.719,18.707,18.7,18.694,18.688,18.682,18.67,18.658,,,,,,,,,,,
3450,18.99,18.978,18.972,18.966,18.96,18.954,18.942,18.93,,,,,,,,,,,
3500,19.262,19.25,19.243,19.237,19.231,19.225,19.213,19.201,,,,,,,,,,,
3550,19.533,19.521,19.515,19.509,19.503,19.497,19.485,19.473,,,,,,,,,,,
3600,19.805,19.793,19.787,19.78,19.774,19.768,19.756,19.744,,,,,,,,,,,
3650,20.076,20.064,20.058,20.052,20.046,20.04,20.028,20.016,,,,,,,,,,,
3700,20.348,20.336,20.33,20.323,20.317,20.311,20.299,20.287,,,,,,,,,,,
3750,20.619,20.607,20.601,20.595,20.589,20.583,20.571,20.559,,,,,,,,,,,
3800,20.891,20.879,20.873,20.867,20.86,20.854,20.842,20.83,,,,,,,,,,,
3850,21.162,21.15,21.144,21.138,21.132,21.126,21.114,21.102,,,,,,,,,,,
3900,21.434,21.422,21.416,21.409,21.403,21.397,21.385,21.373,,,,,,,,,,,
3950,21.705,21.693,21.687,21.681,21.675,21.669,21.657,21.645,,,,,,,,,,,
4000,21.977,21.965,21.959,21.953,21.946,21.94,21.928,21.916,,,,,,,,,,,
4050,22.248,22.236,22.23,22.224,22.218,22.212,22.2,22.188,,,,,,,,,,,
4100,22.52,22.508,22.502,22.496,22.49,22.483,22.471,22.459,,,,,,,,,,,
4150,22.791,22.779,22.773,22.767,22.761,22.755,22.743,22.731,,,,,,,,,,,
4200,23.063,23.051,23.045,23.039,23.033,23.026,23.014,23.002,,,,,,,,,,,
4250,23.334,23.322,23.316,23.31,23.304,23.298,23.286,23.274,,,,,,,,,,,
4300,23.606,23.594,23.588,23.582,23.576,23.569,23.557,23.545,,,,,,,,,,,
4350,23.877,23.865,23.859,23.853,23.847,23.841,23.829,23.817,,,,,,,,,,,
4400,24.149,24.137,24.131,24.125,24.119,24.112,24.1,24.088,,,,,,,,,,,
4450,24.417,24.408,24.402,24.396,24.39,24.384,24.372,24.359,,,,,,,,,,,
4500,24.435,24.435,24.435,24.435,24.435,24.435,24.435,24.435,,,,,,,,,,,
5027,24.435,24.435,24.435,24.435,24.435,24.435,24.435,24.435,,,,,,,,,,,
,,,,,,,,,,,,,,,,,,,
Compartment ident:     R5.12,,,,,,,,,,,,,,,,,,,
"Contents         :      Lubricating Oil (LO, RHO = 0.9)",,,,,,,,,,,,,,,,,,,
Extreme points of comp: Aft end x = 7.96 m    (at frame 10),,,,,,,,,,,,,,,,,,,
Fore end x = 11.16 m    (at frame 14),,,,,,,,,,,,,,,,,,,
Sounding device:       Manual sounding,,,,,,,,,,,,,,,,,,,
x =   9.40 m (at frame 12) y =  -1.00 m,,,,,,,,,,,,,,,,,,,
,,,,,,,,,,,,,,,,,,,
G/E L.O.SETT.TK. - Volume in m3,,,,,,,,,,,,,,,,,,,
Depth,-1,0,0.5,1,1.5,2,3,4,,Depth,-4,-3,-2,-1,0,1,2,3,4
0,0.08,0.08,0.08,0.08,0.08,0.08,0.08,0.08,,0,0,0,0,0,0,4.495,8.992,13.495,18.007
50,0.162,0.162,0.162,0.162,0.162,0.162,0.162,0.161,,100,-18.007,-13.495,-8.993,-4.494,0,4.494,8.992,13.494,18.007
100,0.244,0.244,0.244,0.244,0.243,0.243,0.243,0.243,,200,-18.007,-13.495,-8.992,-4.494,0,4.494,8.993,13.495,18.006
150,0.326,0.325,0.325,0.325,0.325,0.325,0.325,0.325,,300,-18.007,-13.495,-8.992,-4.494,0,4.494,8.993,13.495,18.007
200,0.407,0.407,0.407,0.407,0.407,0.407,0.407,0.407,,400,-18.006,-13.495,-8.992,-4.494,0,4.494,8.993,13.495,18.007
250,0.489,0.489,0.489,0.489,0.489,0.489,0.489,0.488,,500,-18.007,-13.495,-8.992,-4.494,0,4.494,8.993,13.495,18.007
300,0.571,0.571,0.571,0.571,0.57,0.57,0.57,0.57,,600,-18.006,-13.495,-8.993,-4.494,0,4.494,8.993,13.495,18.007
350,0.653,0.652,0.652,0.652,0.652,0.652,0.652,0.652,,700,-18.007,-13.495,-8.993,-4.494,0,4.494,8.992,13.495,18.007
400,0.734,0.734,0.734,0.734,0.734,0.734,0.734,0.734,,800,-18.007,-13.494,-8.993,-4.494,0,4.494,8.992,13.496,18.005
450,0.816,0.816,0.816,0.816,0.816,0.816,0.816,0.815,,900,-18.007,-13.495,-8.993,-4.494,0,4.494,8.991,13.496,18.005
500,0.898,0.898,0.898,0.898,0.897,0.897,0.897,0.897,,1000,-18.007,-13.495,-8.992,-4.494,0,4.494,8.993,13.496,18.007
550,0.980,0.979,0.979,0.979,0.979,0.979,0.979,0.979,,1100,-18.006,-13.495,-8.991,-4.494,0,4.495,8.992,13.495,18.008
600,1.061,1.061,1.061,1.061,1.061,1.061,1.061,1.061,,1200,-18.006,-13.496,-8.993,-4.494,0,4.495,8.991,13.495,18.006
650,1.143,1.143,1.143,1.143,1.143,1.143,1.143,1.142,,1300,-18.005,-13.494,-8.993,-4.493,0,4.495,8.992,13.495,18.006
700,1.225,1.225,1.225,1.225,1.225,1.224,1.224,1.224,,1400,-18.007,-13.494,-8.992,-4.493,0,4.495,8.994,13.495,18.006
750,1.307,1.306,1.306,1.306,1.306,1.306,1.306,1.306,,1500,-18.008,-13.495,-8.992,-4.493,0,4.495,8.994,13.495,18.004
800,1.388,1.388,1.388,1.388,1.388,1.388,1.388,1.388,,1600,-18.006,-13.495,-8.992,-4.493,0,4.495,8.994,13.495,18.006
850,1.47,1.47,1.47,1.47,1.47,1.47,1.47,1.469,,1700,-18.006,-13.495,-8.992,-493,0,4.495,8.994,13.495,18.006
900,1.552,1.552,1.552,1.552,1.552,1.551,1.551,1.551,,1800,-18.006,-13.495,-8.992,-4.493,0,4.495,8.994,13.495,18.006
950,1.634,1.633,1.633,1.633,1.633,1.633,1.633,1.633,,1900,-18.004,-13.495,-8.992,-4.493,0,4.495,8.992,13.495,18.006
1000,1.715,1.715,1.715,1.715,1.715,1.715,1.715,1.715,,2000,-18.006,-13.495,-8.992,-4.493,0,4.495,8.992,13.495,18.006
1050,1.797,1.797,1.797,1.797,1.797,1.797,1.797,1.797,,2100,-18.006,-13.495,-8.992,-4.493,0,4.495,8.992,13.495,18.006
1100,1.879,1.879,1.879,1.879,1.879,1.879,1.879,1.879,,2200,-18.006,-13.495,-8.992,-4.493,0,4.495,8.991,13.495,18.004
1150,1.961,1.961,1.96,1.96,1.96,1.96,1.96,1.96,,2300,-18.006,-13.495,-8.992,-4.493,0,4.495,8.991,13.495,18.006
1200,2.042,2.042,2.042,2.042,2.042,2.042,2.042,2.042,,2400,-18.006,-13.495,-8.991,-4.493,0,4.495,8.992,13.495,18.006
1250,2.124,2.124,2.124,2.124,2.124,2.124,2.124,2.124,,2500,-18.006,-13.495,-8.992,-4.493,0,4.495,8.992,13.495,18.006
1300,2.206,2.206,2.206,2.206,2.206,2.206,2.205,2.205,,2600,-18.004,-13.495,-8.994,-4.493,0,4.495,8.992,13.495,18.006
1350,2.288,2.288,2.287,2.287,2.287,2.287,2.287,2.287,,2700,-18.006,-13.495,-8.993,-4.493,0,4.495,8.992,13.495,18.006
1400,2.369,2.369,2.369,2.369,2.369,2.369,2.369,2.369,,2800,-18.005,-13.495,-8.994,-4.495,0,4.495,8.992,13.495,18.006
1450,2.451,2.451,2.451,2.451,2.451,2.451,2.451,2.451,,2900,-18.006,-13.495,-8.993,-4.495,0,4.495,8.992,13.495,18.004
1500,2.533,2.533,2.533,2.533,2.533,2.533,2.532,2.532,,3000,-18.006,-13.495,-8.992,-4.495,0,4.495,8.994,13.494,18.005
1550,2.615,2.615,2.614,2.614,2.614,2.614,2.614,2.614,,3100,-18.006,-13.494,-8.992,-4.495,0,4.495,8.993,13.495,18.006
1600,2.696,2.696,2.696,2.696,2.696,2.696,2.696,2.696,,3200,-18.006,-13.495,-8.992,-4.495,0,4.495,8.994,13.495,18.006
1650,2.778,2.778,2.778,2.778,2.778,2.778,2.778,2.778,,3300,-18.003,-13.495,-8.992,-4.495,0,4.495,8.993,13.495,18.006
1700,2.86,2.86,2.86,2.86,2.86,2.86,2.859,2.859,,3400,-18.006,-13.495,-8.991,-4.495,0,4.495,8.994,13.495,18.006
1750,2.942,2.942,2.942,2.941,2.941,2.941,2.941,2.941,,3500,-18.006,-13.495,-8.992,-4.496,0,4.495,8.991,13.495,18.006
1800,3.023,3.023,3.023,3.023,3.023,3.023,3.023,3.023,,3600,-18.006,-13.495,-8.992,-4.496,0,4.495,8.991,13.494,18.003
1850,3.105,3.105,3.105,3.105,3.105,3.105,3.105,3.105,,3700,-18.006,-13.495,-8.991,-4.495,0,4.496,8.992,13.496,18.006
1900,3.187,3.187,3.187,3.187,3.187,3.187,3.186,3.186,,3800,-18.006,-13.495,-8.992,-4.495,0,4.495,8.991,13.495,18.006
1950,3.269,3.269,3.269,3.268,3.268,3.268,3.268,3.268,,3900,-18.006,-13.495,-8.991,-4.495,0,4.495,8.992,13.495,18.006
2000,3.35,3.35,3.35,3.35,3.35,3.35,3.35,3.35,,4000,-18.003,-13.495,-8.992,-4.495,0,4.495,8.991,13.493,18.006
2050,3.432,3.432,3.432,3.432,3.432,3.432,3.432,3.432,,4100,-18.006,-13.495,-8.992,-4.495,0,4.496,0,0,0
2100,3.514,3.514,3.514,3.514,3.514,3.514,3.513,3.513,,4200,-18.006,-13.495,-8.993,-4.495,0,4.496,0,0,0
2150,3.596,3.596,3.596,3.596,3.595,3.595,3.595,3.595,,4300,-18.006,-13.495,-8.994,-4.496,0,4.495,0,0,0
2200,3.678,3.677,3.677,3.677,3.677,3.677,3.677,3.677,,4400,-18.006,-13.495,-8.994,-4.495,0,8.814,0,0,0
2250,3.759,3.759,3.759,3.759,3.759,3.759,3.759,3.759,,4500,-6.117,0,0,0,0,0,0,0,0
2300,3.841,3.841,3.841,3.841,3.841,3.841,3.841,3.84,,5006,0,0,0,0,0,0,0,0,0
2350,3.923,3.923,3.923,3.923,3.922,3.922,3.922,3.922,,,,,,,,,,,
2400,4.005,4.004,4.004,4.004,4.004,4.004,4.004,4.004,,,,,,,,,,,
2450,4.086,4.086,4.086,4.086,4.086,4.086,4.086,4.086,,,,,,,,,,,
2500,4.168,4.168,4.168,4.168,4.168,4.168,4.168,4.167,,,,,,,,,,,
2550,4.25,4.25,4.25,4.25,4.249,4.249,4.249,4.249,,,,,,,,,,,
2600,4.332,4.331,4.331,4.331,4.331,4.331,4.331,4.331,,,,,,,,,,,
2650,4.413,4.413,4.413,4.413,4.413,4.413,4.413,4.413,,,,,,,,,,,
2700,4.495,4.495,4.495,4.495,4.495,4.495,4.495,4.494,,,,,,,,,,,
2750,4.577,4.577,4.577,4.577,4.577,4.576,4.576,4.576,,,,,,,,,,,
2800,4.659,4.658,4.658,4.658,4.658,4.658,4.658,4.658,,,,,,,,,,,
2850,4.74,4.74,4.74,4.74,4.74,4.74,4.74,4.74,,,,,,,,,,,
2900,4.822,4.822,4.822,4.822,4.822,4.822,4.822,4.821,,,,,,,,,,,
2950,4.904,4.904,4.904,4.904,4.904,4.903,4.903,4.903,,,,,,,,,,,
3000,4.986,4.985,4.985,4.985,4.985,4.985,4.985,4.985,,,,,,,,,,,
3050,5.067,5.067,5.067,5.067,5.067,5.067,5.067,5.067,,,,,,,,,,,
3100,5.149,5.149,5.149,5.149,5.149,5.149,5.149,5.148,,,,,,,,,,,
3150,5.231,5.231,5.231,5.231,5.231,5.23,5.23,5.23,,,,,,,,,,,
3200,5.313,5.312,5.312,5.312,5.312,5.312,5.312,5.312,,,,,,,,,,,
3250,5.394,5.394,5.394,5.394,5.394,5.394,5.394,5.394,,,,,,,,,,,
3300,5.476,5.476,5.476,5.476,5.476,5.476,5.476,5.476,,,,,,,,,,,
3350,5.558,5.558,5.558,5.558,5.558,5.558,5.557,5.557,,,,,,,,,,,
3400,5.64,5.64,5.639,5.639,5.639,5.639,5.639,5.639,,,,,,,,,,,
3450,5.721,5.721,5.721,5.721,5.721,5.721,5.721,5.721,,,,,,,,,,,
3500,5.803,5.803,5.803,5.803,5.803,5.803,5.803,5.803,,,,,,,,,,,
3550,5.885,5.885,5.885,5.885,5.885,5.885,5.884,5.884,,,,,,,,,,,
3600,5.967,5.967,5.966,5.966,5.966,5.966,5.966,5.966,,,,,,,,,,,
3650,6.048,6.048,6.048,6.048,6.048,6.048,6.048,6.048,,,,,,,,,,,
3700,6.13,6.13,6.13,6.13,6.13,6.13,6.13,6.13,,,,,,,,,,,
3750,6.212,6.212,6.212,6.212,6.212,6.212,6.211,6.211,,,,,,,,,,,
3800,6.294,6.294,6.294,6.293,6.293,6.293,6.293,6.293,,,,,,,,,,,
3850,6.375,6.375,6.375,6.375,6.375,6.375,6.375,6.375,,,,,,,,,,,
3900,6.457,6.457,6.457,6.457,6.457,6.457,6.457,6.457,,,,,,,,,,,
3950,6.539,6.539,6.539,6.539,6.539,6.539,6.538,6.538,,,,,,,,,,,
4000,6.621,6.621,6.621,6.62,6.62,6.62,6.62,6.62,,,,,,,,,,,
4050,6.702,6.702,6.702,6.702,6.702,6.702,6.702,6.702,,,,,,,,,,,
4100,6.784,6.784,6.784,6.784,6.784,6.784,6.784,6.784,,,,,,,,,,,
4150,6.866,6.866,6.866,6.866,6.866,6.866,6.865,6.865,,,,,,,,,,,
4200,6.948,6.948,6.948,6.947,6.947,6.947,6.947,6.947,,,,,,,,,,,
4250,7.029,7.029,7.029,7.029,7.029,7.029,7.029,7.029,,,,,,,,,,,
4300,7.111,7.111,7.111,7.111,7.111,7.111,7.111,7.111,,,,,,,,,,,
4350,7.193,7.193,7.193,7.193,7.193,7.193,7.193,7.192,,,,,,,,,,,
4400,7.275,7.275,7.275,7.275,7.274,7.274,7.274,7.274,,,,,,,,,,,
4450,7.356,7.356,7.356,7.356,7.356,7.355,7.354,7.353,,,,,,,,,,,
4500,7.358,7.358,7.358,7.358,7.358,7.358,7.358,7.358,,,,,,,,,,,
5006,7.358,7.358,7.358,7.358,7.358,7.358,7.358,7.358,,,,,,,,,,,
